[
{
    "model": "core.unit",
    "pk": 1,
    "fields": {
        "token": "index_head_text",
        "title": "MOON2",
        "annotation": "inhuman music made by humans for humankind",
        "body": "Imagine if you could touch the sounds surrounding you. Imagine if you could build a piece of music by simply grabbing and moving sounds around, as if they were sticks and stones. Imagine yourself becoming a Titan in a vast sonic Universe moving and smashing massive masses of sounds around you.\r\n\r\nMOON2 is a trio with more or less stable residence in Krak\u00f3w, Poland. The group\u2019s main focus is interactive performance, algorithmic composition, virtual worlds, this kind of stuff... Pretty scientific and inhuman, but made by humans and for humankind.",
        "is_active": true
    }
},
{
    "model": "core.unit",
    "pk": 2,
    "fields": {
        "token": "index_video",
        "title": "",
        "annotation": "",
        "body": "<iframe src=\"https://player.vimeo.com/video/134827501?title=0&byline=0&portrait=0\" width=\"300\" height=\"169\" frameborder=\"0\" webkitallowfullscreen mozallowfullscreen allowfullscreen></iframe>",
        "is_active": true
    }
},
{
    "model": "core.unit",
    "pk": 3,
    "fields": {
        "token": "index_audio",
        "title": "Latest CD",
        "annotation": "",
        "body": "<iframe style=\"border: 0; width: 300px; height: 300px;\" src=\"https://bandcamp.com/EmbeddedPlayer/album=1736828142/size=large/bgcol=333333/linkcol=0f91ff/minimal=true/transparent=true/\" seamless><a href=\"http://mathka.bandcamp.com/album/elementy-ruchu\">Elementy Ruchu by Moon2</a></iframe>",
        "is_active": true
    }
},
{
    "model": "core.unit",
    "pk": 4,
    "fields": {
        "token": "watch_head_col0",
        "title": "MOON2",
        "annotation": "is a virtual world with simplified physical laws,",
        "body": "where sounds turn into objects, whose behaviour is affected by natural forces such as gravity and wind. Performer\u2019s hands attract floating sounds \u2013 he literally \u201cgrasps\u201d them and \u201cdraws\u201d their trajectories in space. The space itself is a giant ephemeral musical instrument, which you neither pluck, nor bow, but excite through movement.",
        "is_active": true
    }
},
{
    "model": "core.unit",
    "pk": 5,
    "fields": {
        "token": "watch_head_col1",
        "title": "",
        "annotation": "it is neither about dance, nor interactive performance",
        "body": "nor any other fancy label one can come up with. It is about a human body simultaneously operating in a so-called reality as well as in the virtual World, which we can only hear.\r\n\r\nInterested in having us around? Please, take a look at our tech-rider (<a href=\"https://drive.google.com/file/d/0B0RqX5ckmV-mNDNtbmZidElmVk0/\">stereo</a> | <a href=\"https://drive.google.com/file/d/0B0RqX5ckmV-mWlZTdGp2Z2QteFE/\">surround</a>) and <a href=\"/contact/\">contact us</a>.",
        "is_active": true
    }
},
{
    "model": "core.unit",
    "pk": 6,
    "fields": {
        "token": "watch_video_col0",
        "title": "",
        "annotation": "",
        "body": "<iframe src=\"https://player.vimeo.com/video/81049662?title=0&byline=0&portrait=0\" width=\"300\" height=\"169\" frameborder=\"0\" webkitallowfullscreen mozallowfullscreen allowfullscreen></iframe>",
        "is_active": true
    }
},
{
    "model": "core.unit",
    "pk": 7,
    "fields": {
        "token": "listen_soundcloud1",
        "title": "unreleased, excerpts, etc.",
        "annotation": "",
        "body": "<iframe width=\"100%\" height=\"500\" scrolling=\"no\" frameborder=\"no\" src=\"https://w.soundcloud.com/player/?url=https%3A//api.soundcloud.com/playlists/16549058&amp;color=%23ff5500&amp;auto_play=false&amp;hide_related=false&amp;show_comments=true&amp;show_user=true&amp;show_reposts=false&amp;show_teaser=true&amp;visual=true\"></iframe>",
        "is_active": true
    }
},
{
    "model": "core.unit",
    "pk": 8,
    "fields": {
        "token": "listen_bandcamp_Symp",
        "title": "Past: as Sympli Romatik\u00f3",
        "annotation": "",
        "body": "<iframe style=\"border: 0; width: 300px; height: 505px;\" src=\"https://bandcamp.com/EmbeddedPlayer/album=858428838/size=large/bgcol=333333/linkcol=e32c14/transparent=true/\" seamless><a href=\"http://mathka.bandcamp.com/album/sympli-romatik\">Sympli Romatik\u00f3 by Sympli Romatik\u00f3</a></iframe>",
        "is_active": true
    }
},
{
    "model": "core.unit",
    "pk": 9,
    "fields": {
        "token": "read_head",
        "title": "MOON2",
        "annotation": "Denis Kolokol, electronics, movement\r\nErnest Og\u00f3rek, bass\r\nTomek Cho\u0142oniewski, drums",
        "body": "MOON2 is a trio with more or less stable residence in Krak\u00f3w, Poland. The group\u2019s main focus is interactive performance, algorithmic composition, virtual worlds, this kind of stuff... Pretty scientific and inhuman, but made by humans and for a humankind.",
        "is_active": true
    }
},
{
    "model": "core.unit",
    "pk": 10,
    "fields": {
        "token": "read_portrait",
        "title": "",
        "annotation": "",
        "body": "<a href=\"/static/img/band1.jpg\"><img src=\"/static/img/band1_s.jpg\" width=\"90\" border=\"0\" /></a> <a href=\"/static/img/band3.jpg\"><img src=\"/static/img/band3_s.jpg\" width=\"90\" border=\"0\" /></a> <a href=\"/static/img/band5.jpg\"><img src=\"/static/img/band5_s.jpg\" width=\"90\" border=\"0\" /></a>\r\n\r\n<a href=\"/static/img/band2.jpg\"><img src=\"/static/img/band2_s.jpg\" width=\"90\" border=\"0\" /></a> <a href=\"/static/img/band4.jpg\"><img src=\"/static/img/band4_s.jpg\" width=\"90\" border=\"0\" /></a> <a href=\"/static/img/band6.jpg\"><img src=\"/static/img/band6_s.jpg\" width=\"90\" border=\"0\" /></a>",
        "is_active": true
    }
},
{
    "model": "core.unit",
    "pk": 11,
    "fields": {
        "token": "read_statement",
        "title": "",
        "annotation": "",
        "body": "We see music not as a sequence of events, but as a dynamic system, which we only pretend to control. If an order becomes slightly more complicated, than the simple \u201cif-else\u201d directive, the system tends to fall apart as more and more hidden inconsistencies unfold. These anomalies is our material. We balance on the surface of the meticulously painted chart trying not to be buried under the pure chaos.\r\n\r\nAll the electronic sounds are programmed manually in <a href=\"http://supercollider.github.io/\">SuperCollider</a>. No commercial synths used.",
        "is_active": true
    }
},
{
    "model": "core.unit",
    "pk": 12,
    "fields": {
        "token": "contact_head",
        "title": "MOON2 contacts",
        "annotation": "",
        "body": "speak to <i>Denis Kolokol</i> +48 508 986 079\r\nor write to <i>dkolokol AT gmail DOT com</i>",
        "is_active": true
    }
},
{
    "model": "core.unit",
    "pk": 13,
    "fields": {
        "token": "rider_full_text",
        "title": "",
        "annotation": "",
        "body": "<h5>Electronics</h5>2 speakers powerful enough for the room.\r\nCables to connect audio interface with the main mixer (mono-outputs 1/4'' TRS). Subwoofer(s) powerful enough for the room (summary from all channels, except bass).\r\n<h5>Bass</h5>Bass amplifier on stage powerful enough for the room.\r\n<h5>Drums</h5>A drum kit: bass drum with pedal, snare drum with stand, floor tom, two hanging toms, hi-hat stand, 3 cymbal stands, drum chair, additional normal chair, carpet (if needed). Warning! The drum kit isn't needed for gigs taking place in Krako\u0301w. Instead the transportation of the drum kit to and fro is required.\r\nMic set for amplification of the drum kit.\r\n<h5>Monitoring</h5>2 mono stage monitors, with summary from all channels on the main mixer. Warning! Monitors should be placed as close to the speakers as possible (see image).\r\n<h5>Other</h5>\r\nTable for electronics (approx 120x70cm, any height).\r\nStand for Kinect (not higher than 70cm above the surface, on which a frontman stands). AC: 5 sockets for electronics according to your country standards.\r\n<h5>Lights</h5>Dim light with the dominance of red color. Static red spots on each band member.\r\n<h5>Optional</h5>Stage platform or scene approx 30-50cm high.\r\n<b>Warning!</b> For gigs taking place in Krako\u0301w: transportation of the drum kit (to and fro).\r\n<h5>Calibration and check</h5>1.5 hrs soundcheck. Warning! Critical for properly calibrating the space and amplifying the drums!\r\nLight and sound engineers available during the calibration and sound / light-check.",
        "is_active": true
    }
},
{
    "model": "core.unit",
    "pk": 14,
    "fields": {
        "token": "rider_stereo",
        "title": "",
        "annotation": "Possible placement - STEREO",
        "body": "<a href=\"https://drive.google.com/file/d/0B0RqX5ckmV-mNDNtbmZidElmVk0/\"><img src=\"/static/img/moon2rider_stereo.jpg\" border=\"0\" />",
        "is_active": true
    }
},
{
    "model": "core.unit",
    "pk": 15,
    "fields": {
        "token": "rider_surround",
        "title": "",
        "annotation": "Possible placement - SURROUND",
        "body": "<a href=\"https://drive.google.com/file/d/0B0RqX5ckmV-mWlZTdGp2Z2QteFE/\"><img src=\"/static/img/moon2rider_surround.jpg\" border=\"0\" /></a>",
        "is_active": true
    }
},
{
    "model": "core.unit",
    "pk": 17,
    "fields": {
        "token": "blank_col",
        "title": "",
        "annotation": "",
        "body": "",
        "is_active": true
    }
},
{
    "model": "core.unit",
    "pk": 18,
    "fields": {
        "token": "watch_video_col1",
        "title": "",
        "annotation": "",
        "body": "<iframe src=\"https://player.vimeo.com/video/134404722?title=0&byline=0&portrait=0\" width=\"300\" height=\"169\" frameborder=\"0\" webkitallowfullscreen mozallowfullscreen allowfullscreen></iframe>\r\n\r\n<a href=\"https://www.youtube.com/channel/UCK--6jQ2XHl51hHplZejpeg\">More videos</a>",
        "is_active": true
    }
},
{
    "model": "core.unit",
    "pk": 19,
    "fields": {
        "token": "rider_link",
        "title": "MOON2 tech-rider",
        "annotation": "",
        "body": "download tech-rider as PDF: <a href=\"https://drive.google.com/open?id=0B8MYOOEPd3AMOWJBalV1OFhsd28\">Stereo</a> | <a href=\"https://drive.google.com/open?id=0B8MYOOEPd3AMRkVTWnlIeU1adTg\">Surround</a>",
        "is_active": true
    }
},
{
    "model": "core.unit",
    "pk": 20,
    "fields": {
        "token": "listen_bandkamp_moo2",
        "title": "MOON2 latest CD",
        "annotation": "",
        "body": "<iframe style=\"border: 0; width: 300px; height: 505px;\" src=\"https://bandcamp.com/EmbeddedPlayer/album=1736828142/size=large/bgcol=333333/linkcol=e32c14/transparent=true/\" seamless><a href=\"http://mathka.bandcamp.com/album/elementy-ruchu\">Elementy Ruchu by Moon2</a></iframe>\r\n\r\n<h5><a href=\"/reviews/\">Reviews</a></h5>",
        "is_active": true
    }
},
{
    "model": "core.unit",
    "pk": 21,
    "fields": {
        "token": "review_moon2_element",
        "title": "MOON2 \"Elementy Ruchu\"",
        "annotation": "MATHKA 2017",
        "body": "<a href=\"https://mathka.bandcamp.com/album/elementy-ruchu\" target=_blank><img src=\"/static/img/album_ele.jpg\" width=\"70\" height=\"70\" /></a>\r\n<h5><a href=\"http://felthatreviews.blogspot.co.uk/2017/11/elementy-ruchu-by-moon2.html\">FELTHAT - REVIEWS</a></h5>Cracow in Poland has always been an interesting place of cross cultural clashes and crashes and despite quite conservative fog of both political and cultural grievances it erupts with variety of projects such as this one with Denis Kolokol, Tomek Cho\u0142oniewski and Ernest Og\u00f3rek as well as Marcin Barski and Agata Wo\u017anicka as narrators.\r\nDenis, Tomek and Ernest have great background both in contemporary composed and improvised music, have proved many times that they don't take themselves too seriously and with earnest childlike naivete they are able to create some interesting forms.\r\nMoon2 explores new terrain of experiments with different algorithms - using natural sounds of bass and percussion they create a fabulous form of space kraut opera with spoken word and narrative.\r\nThe sonorous textures are used here with mastery class of skill - creating the tissue that is both interesting and has the listeners in grip. But leaving aside the experiments - this album contains an explosive element of groove and beat that is undeniable.\r\nIt's quite rare to actually feel the under-the-skin improv influence and at the same time feel some undeniably fun material to listen to and definitely come back to it again and again. Well done, guys!\r\n<h5> </h5>\r\n<h5><a href=\"https://polifonia.blog.polityka.pl/2017/11/21/dziwny-upor-ale-upor-playlista-9/\">POLIFONIA Blog</a></h5>Bardzo oryginalny krakowski projekt MOON2 skupiaj\u0105cy wykonawc\u00f3w dzia\u0142aj\u0105cych wok\u00f3\u0142 wytw\u00f3rni Mathka to znakomita sekcja (perkusista Tomek Cho\u0142oniewski i basista Ernest Og\u00f3rek), Denis Kolokol generuj\u0105cy d\u017awi\u0119ki elektroniczne i wykorzystuj\u0105cy przy tym technologi\u0119 \u015bledzenia ruchu oraz, w drobnych narracyjnych elementach, Agata Wo\u017anicka i Marcin Barski. Pocz\u0105tkowo robi\u0105cy wra\u017cenie nieprzyst\u0119pnego i mocno przywi\u0105zanego do scenicznej formy (zesp\u00f3\u0142 mo\u017cna by\u0142o ostatnio zobaczy\u0107 w Cricotece) album okazuje si\u0119 propozycj\u0105 dla ca\u0142kiem szerokiego grona odbiorc\u00f3w \u2013 od tych poszukuj\u0105cych swobodnych form improwizowanych spoza obszaru jazzowego, a\u017c po wielbicieli muzyki elektronicznej (Kolokol wykorzystuje j\u0119zyk programowania Super Collider), a nawet fan\u00f3w rocka w bli\u017cszym transowej estetyce rockowej awangardy lat 70. albo sceny japo\u0144skiej Na ulice wyj\u015b\u0107 nie spos\u00f3b \u2013 powy\u017cej w w wersji albumowej, ale gdyby kto\u015b chcia\u0142 zobaczy\u0107, co pewnie wskazane, jak to wygl\u0105da, powinien stanowczo zajrze\u0107 <a href=\"https://www.youtube.com/embed/jRWbKG1jeno\"> pod ten link</a>",
        "is_active": true
    }
},
{
    "model": "core.unit",
    "pk": 22,
    "fields": {
        "token": "review_sympli_romati",
        "title": "Sympli Romatik\u00f3 \"S/T\"",
        "annotation": "MATHKA 2014",
        "body": "<a href=\"https://mathka.bandcamp.com/album/sympli-romatik\" target=_blank><img src=\"https://f4.bcbits.com/img/a2320734712_16.jpg\" width=\"70\" height=\"70\" /></a>\r\n<h5><a href=\"http://www.vitalweekly.net/946.html\">Vital Weekly</a></h5>A trio from Poland, with Denis Kolokol (electronics and voice), Tomek Choloniewski (drums, percussion, voice) and Alexander Chikmakov (guitars). I think I only heard Kolokol's solo music before. They call their music: \"Pretty scientific and inhuman, but made by humans and for a humankind\", and program everything electronic in supercollider themselves. There are three pieces here, two of exactly 19 minutes and 43 seconds, and one of 12 minutes and thirty seconds. Following an atmospheric opening in the first piece, 'Misinterpretation Of Misunderstanding', there is a bit with vocals and I think this goes into the free-rock/improvisation side (something Dolf Mulder may understand better), but I keep listening and am surprised by the music. Music that is not easy to categorize, which I guess is a good thing. There is a certain element of free improvisation in the music and the drums may seem to be a bit rock like, but that's as far as these things go. The electronics doodle about, but are sometimes a bit more spacious. Good, bad, I am not sure if such terms apply here. I was quite fascinated by the whole thing. It sounded minimal, captivating and sometimes it goes a bit too long for my taste, but then, perhaps I find that to be captivating too. Confusing? I believe that's indeed what this music does. (FdW)",
        "is_active": true
    }
},
{
    "model": "core.section",
    "pk": 1,
    "fields": {
        "label": "index",
        "bg_image": "bg1",
        "is_active": true,
        "updated": "2016-09-11T16:19:24.913Z"
    }
},
{
    "model": "core.section",
    "pk": 2,
    "fields": {
        "label": "watch",
        "bg_image": "bg5",
        "is_active": true,
        "updated": "2016-09-11T16:19:37.728Z"
    }
},
{
    "model": "core.section",
    "pk": 3,
    "fields": {
        "label": "listen",
        "bg_image": "bg6",
        "is_active": true,
        "updated": "2017-12-02T12:39:07.675Z"
    }
},
{
    "model": "core.section",
    "pk": 4,
    "fields": {
        "label": "read",
        "bg_image": "bg3",
        "is_active": true,
        "updated": "2017-12-02T12:39:40.650Z"
    }
},
{
    "model": "core.section",
    "pk": 5,
    "fields": {
        "label": "rider",
        "bg_image": "bg2",
        "is_active": true,
        "updated": "2016-09-11T16:20:26.457Z"
    }
},
{
    "model": "core.section",
    "pk": 6,
    "fields": {
        "label": "contact",
        "bg_image": "bg9",
        "is_active": true,
        "updated": "2017-12-02T12:40:06.777Z"
    }
},
{
    "model": "core.section",
    "pk": 7,
    "fields": {
        "label": "reviews",
        "bg_image": "bg6",
        "is_active": true,
        "updated": "2017-12-02T12:48:55.799Z"
    }
},
{
    "model": "core.content",
    "pk": 1,
    "fields": {
        "section": 1,
        "unit": 1,
        "column": 0,
        "order_id": 0
    }
},
{
    "model": "core.content",
    "pk": 2,
    "fields": {
        "section": 1,
        "unit": 2,
        "column": 0,
        "order_id": 10
    }
},
{
    "model": "core.content",
    "pk": 3,
    "fields": {
        "section": 1,
        "unit": 3,
        "column": 0,
        "order_id": 20
    }
},
{
    "model": "core.content",
    "pk": 4,
    "fields": {
        "section": 2,
        "unit": 4,
        "column": 1,
        "order_id": 0
    }
},
{
    "model": "core.content",
    "pk": 5,
    "fields": {
        "section": 2,
        "unit": 5,
        "column": 2,
        "order_id": 0
    }
},
{
    "model": "core.content",
    "pk": 6,
    "fields": {
        "section": 2,
        "unit": 6,
        "column": 1,
        "order_id": 10
    }
},
{
    "model": "core.content",
    "pk": 7,
    "fields": {
        "section": 3,
        "unit": 7,
        "column": 2,
        "order_id": 0
    }
},
{
    "model": "core.content",
    "pk": 8,
    "fields": {
        "section": 3,
        "unit": 8,
        "column": 1,
        "order_id": 0
    }
},
{
    "model": "core.content",
    "pk": 9,
    "fields": {
        "section": 4,
        "unit": 9,
        "column": 0,
        "order_id": 0
    }
},
{
    "model": "core.content",
    "pk": 10,
    "fields": {
        "section": 4,
        "unit": 10,
        "column": 0,
        "order_id": 20
    }
},
{
    "model": "core.content",
    "pk": 11,
    "fields": {
        "section": 4,
        "unit": 11,
        "column": 0,
        "order_id": 10
    }
},
{
    "model": "core.content",
    "pk": 12,
    "fields": {
        "section": 5,
        "unit": 13,
        "column": 1,
        "order_id": 0
    }
},
{
    "model": "core.content",
    "pk": 13,
    "fields": {
        "section": 5,
        "unit": 14,
        "column": 0,
        "order_id": 10
    }
},
{
    "model": "core.content",
    "pk": 14,
    "fields": {
        "section": 5,
        "unit": 15,
        "column": 0,
        "order_id": 20
    }
},
{
    "model": "core.content",
    "pk": 15,
    "fields": {
        "section": 6,
        "unit": 12,
        "column": 0,
        "order_id": 0
    }
},
{
    "model": "core.content",
    "pk": 17,
    "fields": {
        "section": 2,
        "unit": 17,
        "column": 0,
        "order_id": 0
    }
},
{
    "model": "core.content",
    "pk": 18,
    "fields": {
        "section": 2,
        "unit": 18,
        "column": 2,
        "order_id": 10
    }
},
{
    "model": "core.content",
    "pk": 19,
    "fields": {
        "section": 5,
        "unit": 19,
        "column": 0,
        "order_id": 0
    }
},
{
    "model": "core.content",
    "pk": 20,
    "fields": {
        "section": 3,
        "unit": 20,
        "column": 0,
        "order_id": 0
    }
},
{
    "model": "core.content",
    "pk": 21,
    "fields": {
        "section": 7,
        "unit": 21,
        "column": 0,
        "order_id": 0
    }
},
{
    "model": "core.content",
    "pk": 22,
    "fields": {
        "section": 7,
        "unit": 22,
        "column": 1,
        "order_id": 0
    }
}
]
